Workbook

Sheet 안내
A1: D04 · 구매 요청서 누락 확인 PoC — 활동지 (교육용 가상 자료)
A3: 사용 순서 (M03 공통 시연 8–13분 조별 실습)
A4: 1. '표본목록'에서 자기 조 요청서 1건을 고른다. 텍스트는 data/requests/ 파일 또는 오프라인 캡처를 본다.
A5: 2. ChatGPT에 prompts/00_시스템규칙 + 01_추출을 넣고 JSON을 받는다. (접속 불가 시 examples/D04_오프라인_추출결과 사용)
A6: 3. '누락표시표'에 원문 값 / 표준명 후보(AI 제안) / 상태(규칙) / 근거 / 보완 질문을 옮긴다. 값이 없으면 비운다.
A7: 4. '사람 확정' 열은 반드시 사람이 채운다. AI 출력을 그대로 붙이지 않는다.
A8: 5. '역할표'에 AI 제안 / 규칙·화면 / 사람 확정을 나눈다.
A9: 6. 'PoC기획안_8칸'의 입력 자료·사람 판단·성공/중단 기준을 채운다.
A11: 게이트 (기획안 §3-2)
A12: G1 값이 없으면 비우거나 '확인 필요'. 원문 없는 값을 채우지 않는다.
A13: G2 '다음 주' 같은 모호 표현을 날짜로 단정하지 않는다.
A14: G3 별칭이 비슷하다는 이유만으로 다른 규격을 합치지 않는다.
... A19: 모든 품목 ID·규격·현장명은 교육용 가상이며 실제 건설 자재 규격을 뜻하지 않는다. 표본 수·목표 %는 교육용 가정이다.

Sheet 누락표시표
A1: 문서ID | B1: 항목 | C1: 원문 값 | D1: 원문 발췌 위치 | E1: 표준명 후보 (AI 제안) | F1: 상태 (규칙) | G1: 확인 필요 | H1: 근거 | I1: 보완 질문 초안 (AI 제안) | J1: 사람 확정 | K1: 확정자 | L1: 비고
A2: D04-13 | B2: 품목 ID | C2: P-01 | D2: 8–12 | E2: 볼밸브 50A | F2: 충족 | G2: =IF(F2="충족","","확인 필요") | H2: 사전 품목 볼밸브 50A
A3: D04-13 | B3: 수량 | C3: 20 | D3: 13–15 | F3: 충족 | G3: =IF(F3="충족","","확인 필요") | H3: 양의 정수
A4: D04-13 | B4: 단위 | C4: 개 | D4: 15–16 | E4: 개 | F4: 충족 | G4: =IF(F4="충족","","확인 필요") | H4: 표준 단위와 일치
A5: D04-13 | B5: 희망일 | C5: 다음 주 | D5: 18–22 | F5: 모호 | G5: =IF(F5="충족","","확인 필요") | H5: 모호 표현 '다음 주' → 날짜로 단정하지 않음 | I5: '다음 주'은(는) 구체적인 날짜가 아닙니다. 희망 납기일을 정확한 날짜(예: 2026-09-25)로 알려주세요.
A6: D04-13 | B6: 배송 위치 | C6: A현장 | D6: 0–3 | F6: 모호 | G6: =IF(F6="충족","","확인 필요") | H6: 현장명만 있고 세부 위치 없음 | I6: 'A현장' 내 세부 배송 위치(동·층·창고·게이트)를 알려주세요.
A7: D04-13 | B7: 규격 | E7: 50A | F7: 충족 | G7: =IF(F7="충족","","확인 필요") | H7: 품목 ID 확정 → 사전 규격 '50A' 적용(원문값 없음)
A8: (조별 입력) | B8: 품목 ID | G8: =IF(F9="충족","","확인 필요")
A10: (조별 입력) | B10: 수량 | G10: =IF(F10="충족","","확인 필요")
A11: (조별 입력) | B11: 단위 | G11: =IF(F11="충족","","확인 필요")
A12: (조별 입력) | B12: 희망일 | G12: =IF(F12="충족","","확인 필요")
A13: (조별 입력) | B13: 배송 위치 | G13: =IF(F13="충족","","확인 필요")
A14: (조별 입력) | B14: 규격 | G14: =IF(F14="충족","","확인 필요")
A15: (조별 입력) | B15: 품목 ID | G15: =IF(F16="충족","","확인 필요")
A17: (조별 입력) | B17: 수량 | G17: =IF(F17="충족","","확인 필요")
A18: (조별 입력) | B18: 단위 | G18: =IF(F18="충족","","확인 필요")
A19: (조별 입력) | B19: 희망일 | G19: =IF(F19="충족","","확인 필요")
A20: (조별 입력) | B20: 배송 위치 | G20: =IF(F20="충족","","확인 필요")
A21: (조별 입력) | B21: 규격 | G21: =IF(F21="충족","","확인 필요")

Sheet 역할표
A1: 업무 단계 | B1: AI 제안 (문서 읽기·분류·초안) | C1: 규칙·화면 (계산식·필수항목표·공동 목록) | D1: 사람 확정 (판단·승인) | E1: 우리 조 메모
A2: 요청서에서 항목 읽기 | B2: 원문 값·발췌 추출, 표준명 후보 제안 | C2: 6개 필수 항목 스키마 | D2: 읽기 어려운 글자, 원문과 다른 추출 판단
A3: 자재 표현 정리 | B3: 별칭 → 표준명 후보 나열 | C3: 승인된 용어 사전 | D3: 동일·대체 품목, 현장 적합성 확정
A4: 누락·모호 찾기 | B4: 보완 질문 초안 | C4: 필수 항목 규칙표(충족/누락/모호/불일치) | D4: 필수 정의·예외 승인
A5: 수량·단위 확인 | B5: — | C5: 표준 단위표, 동의어(EA=개) 환산 | D5: 포장 단위·가격 조건 유효성
A6: 희망일 확인 | B6: 모호 표현을 '확인 필요'로 표시(날짜 변환 금지) | C6: 기준일 이전 날짜 → 불일치 | D6: 실제 납기 협의·확정
A7: 배송 위치 확인 | B7: 현장명·세부 위치 분리 | C7: 세부 위치 토큰(동·층·창고·게이트) | D7: 실입고 위치 확정

Sheet PoC기획안_8칸
A1: 칸 | B1: 작성 안내 | C1: 예시 (후보 A · 교육용) | D1: 우리 조 작성
A2: 1 문제 정의 | B2: 누가·무엇을·얼마나 자주 반복하는가 | C2: 현장지원팀이 불완전한 구매 요청 때문에 건당 평균 2회 추가 문의(교육용 가정). 구매팀은 단위·배송 조건을 다시 확인
A3: 2 범위 | B3: 한 자재군 · 한 업무 단계 | C3: 배관 자재군 · 구매 요청서 접수 단계. 견적 비교·발주는 제외
A4: 3 입력 자료 | B4: 어떤 문서, 몇 건, 누가 제공 | C4: 가상 구매 요청서 30건(읽기 쉬운 + 저품질 스캔), 필수 항목표, 용어 사전. 정답표는 현장지원 담당자가 검토
A5: 4 기대 결과 | B5: 산출물 형태 | C5: 누락 표시표(원문 값/표준명 후보/확인 필요) + 보완 질문 초안 1건당 1개
A6: 5 AI/규칙/사람 | B6: 역할 구분 | C6: AI: 추출·후보·질문 초안 / 규칙: 필수 항목 판정·게이트 / 사람: 확정·예외 승인
A7: 6 기준선 | B7: 현재 시간·오류를 어떻게 측정 | C7: 시간 기록지로 수동 처리 5건 측정(열기·입력·검토·수정 포함). 현재 추가 문의 횟수 기록
A8: 7 성공·중단 기준 | B8: 수치 목표와 중단 조건 | C8: 탐지율 ≥95%, 오탐 ≤10%, 중요 오류 0, 추적 100%, 시간 중앙값 30% 단축(교육용 가정). 검토 비용으로 총시간이 늘면 중단
A9: 8 실행 계획 | B9: 담당·일정·정답 검토자·갱신 책임 | C9: 2주 시험: 1주 자료 준비·정답표, 1주 시험·측정. 정답 검토자 1명, 용어 사전 갱신 담당 1명(교육용 가정)

Sheet 5항목평가표
A1: 평가 항목 | B1: 0점 | C1: 1점 | D1: 2점 | E1: 점수(0–2) | F1: 메모
A2: 문제 정의 | B2: 기능 이름만 있음 | C2: 문제는 있으나 빈도·담당 없음 | D2: 누가·무엇을·얼마나 자주가 있음
A3: 입력 자료 | B3: 없음 | C3: 종류만 있음 | D3: 종류·건수·제공자·정답 검토자 있음
A4: 사람 판단 | B4: AI가 다 함 | C4: 일부 구분 | D4: AI/규칙/사람 역할이 항목별로 구분
A5: 검증 기준 | B5: 없음 | C5: 성공 기준만 | D5: 성공·중단 기준과 기준선 측정 방법
A6: 실행 가능성 | B6: 담당·일정 없음 | C6: 일정만 | D6: 담당·일정·갱신 책임 있음
A7: 합계 | E7: =SUM(E2:E6) | F7: 목표 8점. 입력 자료·사람 판단·검증 기준 중 0점이면 보완

Sheet 시간기록지
A1: 문서ID | B1: 방식(수동/AI보조) | C1: 열기·읽기(분) | D1: 입력·추출(분) | E1: 검토(분) | F1: 수정·재작업(분) | G1: 합계(분) | H1: 누락 찾은 수 | I1: 추가 문의 필요 수 | J1: 기록자
G2: =SUM(C2:F2)
G3: =SUM(C3:F3)
G4: =SUM(C4:F4)
G5: =SUM(C5:F5)
G6: =SUM(C6:F6)
G7: =SUM(C7:F7)
G8: =SUM(C8:F8)
G9: =SUM(C9:F9)
G10: =SUM(C10:F10)
G11: =SUM(C11:F11)
A13: 중앙값(수동) | G13: =IFERROR(MEDIAN(IF(B2:B11="수동",G2:G11)),"")
A14: 중앙값(AI보조) | G14: =IFERROR(MEDIAN(IF(B2:B11="AI보조",G2:G11)),"")
A15: 단축률 | G15: =IFERROR(1-G14/G13,"")
B16: 시간에는 사람의 검토·수정 시간을 반드시 포함한다(기획안 다섯 문장 ⑤). 배열 수식은 Excel 365/Google Sheets에서 동작.

Sheet 검증지표표
A1: 지표 | B1: 측정 요지 | C1: 교육용 목표 | D1: 규칙 백엔드 실측(가상 표본) | E1: 우리 조 PoC 목표
A2: 건당 실제 작업시간 | B2: 열기·입력·검토·수정·재작업 포함(대기 중 실작업만) | C2: 중앙값 30% 이상 단축 | D2: 시간기록지로 측정
A3: 누락 탐지율 | B3: 찾은 필수 누락 ÷ 정답표 필수 누락(항목 수) | C3: 95% 이상 | D3: 100.0%
A4: 잘못된 누락 경고 비율 | B4: 오탐 ÷ 전체 누락 경고 | C4: 10% 이하 | D4: 0.0%
A5: 중요 오류 | B5: 자재·수량·단위·희망일을 잘못 읽고 확정 가능으로 표시 | C5: 시험 표본 0건(소표본≠운영 무오류) | D5: 0건
A6: 원문 추적 가능 비율 | B6: 원문 위치 확인 가능한 추출 값 비율 | C6: 100% | D6: 100.0%
A8: 수치 목표는 교육용 가정이다. 실제 기획에서는 기준선 측정 후 조정한다.

Sheet 후보B_견적비교준비
A1: 업체 | B1: 품목ID | C1: 표기 품명 | D1: 단가(원) | E1: 단가 단위 | F1: 포장 단위 | G1: 배송비 조건 | H1: 납기 | I1: 표준 단위(사전) | J1: 단위 일치? | K1: 비교 가능? | L1: 확인 필요 사항 | M1: 사람 확정 | N1: 비고(교육용 함정 설명)
A2: 가나상사 | B2: P-03 | C2: PVC 파이프 50A | D2: 8,500 | E2: 본 | F2: 10본/묶음 | G2: 50만원 이상 무료 | H2: 발주 후 3일 | I2: =IFERROR(VLOOKUP(B2,용어사전!$A:$D,4,FALSE),"") | J2: =IF(OR(E2="",I2=""),"",IF(OR(E2=I2,AND(E2="EA",I2="개")),"예","아니오"))
A3: 다라자재 | B3: P-03 | C3: PVC관 50A | D3: 1,750 | E3: m | F3: 4m/본 | G3: 별도 청구 | H3: 발주 후 2일 | I3: =IFERROR(VLOOKUP(B3,용어사전!$A:$D,4,FALSE),"") | J3: =IF(OR(E3="",I3=""),"",IF(OR(E3=I3,AND(E3="EA",I3="개")),"예","아니오")) | N3: 단가 단위가 m → 본 환산 필요
A4: 마바건자재 | B4: P-03 | C4: PVC 파이프 | D4: 8,200 | E4: 본 | F4: 미기재 | G4: 미기재 | H4: 협의 | I4: =IFERROR(VLOOKUP(B4,용어사전!$A:$D,4,FALSE),"") | J4: =IF(OR(E4="",I4=""),"",IF(OR(E4=I4,AND(E4="EA",I4="개")),"예","아니오")) | N4: 규격·배송비 미기재 → 비교 불가 표시
A5: 가나상사 | B5: P-01 | C5: 볼밸브 50A | D5: 12,000 | E5: 개 | F5: 1개 | G5: 50만원 이상 무료 | H5: 발주 후 3일 | I5: =IFERROR(VLOOKUP(B5,용어사전!$A:$D,4,FALSE),"") | J5: =IF(OR(E5="",I5=""),"",IF(OR(E5=I5,AND(E5="EA",I5="개")),"예","아니오"))
A6: 다라자재 | B6: P-01 | C6: 볼밸브 | D6: 11,500 | E6: EA | F6: 1EA | G6: 현장 직납 시 3만원 | H6: 발주 후 5일 | I6: =IFERROR(VLOOKUP(B6,용어사전!$A:$D,4,FALSE),"") | J6: =IF(OR(E6="",I6=""),"",IF(OR(E6=I6,AND(E6="EA",I6="개")),"예","아니오")) | N6: 규격 미기재(50A/100A?) → 확인
A7: 마바건자재 | B7: P-01 | C7: 볼밸브 50A | D7: 10,900 | E7: 개 | F7: 10개/박스 | G7: 박스 단위만 무료 | H7: 발주 후 4일 | I7: =IFERROR(VLOOKUP(B7,용어사전!$A:$D,4,FALSE),"") | J7: =IF(OR(E7="",I7=""),"",IF(OR(E7=I7,AND(E7="EA",I7="개")),"예","아니오")) | N7: 포장 단위 조건 확인
A9: 안내: 단가 단위가 표준 단위와 다르면(예: m ↔ 본) 환산 근거 없이는 '비교 불가'로 둔다. 배송비·규격 미기재도 비교 불가. 최저가는 사람이 조건을 확정한 뒤에만 본다.

Sheet 후보C_발주입고_공동조회
A1: 발주번호 | B1: 품목ID | C1: 품명 | D1: 현장 | E1: 발주수량 | F1: 단위 | G1: 입고1(일자/수량) | H1: 입고2 | I1: 입고3 | J1: 입고 누계(사람 기입) | K1: 잔량 | L1: 갱신일 | M1: 갱신자 | N1: 갱신 상태 | O1: 확인 필요 사항 | P1: 사람 확정 | Q1: 비고(교육용 함정 설명)
A2: PO-2609-001 | B2: P-03 | C2: PVC 파이프 50A | D2: A현장 | E2: 40 | F2: 본 | G2: 09-10 / 20 | H2: 09-14 / 20 | K2: =IF(J2="","",E2-J2) | L2: 2026-09-14 | M2: 박지원 | N2: =IF(L2="","갱신 누락",IF(M2="","갱신자 없음","기록 있음")) | Q2: 완납
A3: PO-2609-002 | B3: P-01 | C3: 볼밸브 50A | D3: A현장 | E3: 20 | F3: 개 | G3: 09-12 / 10 | K3: =IF(J3="","",E3-J3) | L3: 2026-09-12 | M3: 박지원 | N3: =IF(L3="","갱신 누락",IF(M3="","갱신자 없음","기록 있음")) | Q3: 잔량 10 — 2차 입고 예정일 미기재
A4: PO-2609-003 | B4: P-09 | C4: 배관 보온재 50A | D4: B현장 | E4: 120 | F4: m | G4: 09-11 / 60 | H4: 09-15 / 60 | K4: =IF(J4="","",E4-J4) | L4: 2026-09-11 | M4: 정설비 | N4: =IF(L4="","갱신 누락",IF(M4="","갱신자 없음","기록 있음")) | Q4: 2차 입고 후 갱신 안 됨(갱신일이 1차 시점) → 미갱신
A5: PO-2609-004 | B5: P-10 | C5: 테프론 테이프 12mm | D5: C현장 | E5: 10 | F5: 롤 | K5: =IF(J5="","",E5-J5) | L5: 2026-09-05 | M5: 한구매 | N5: =IF(L5="","갱신 누락",IF(M5="","갱신자 없음","기록 있음")) | Q5: 발주 12일 경과, 입고 기록 없음 → 확인
A6: PO-2609-005 | B6: P-05 | C6: 강관 50A | D6: B현장 | E6: 30 | F6: 본 | G6: 09-13 / 30 | K6: =IF(J6="","",E6-J6) | N6: =IF(L6="","갱신 누락",IF(M6="","갱신자 없음","기록 있음")) | Q6: 입고는 있으나 갱신일·갱신자 공란 → 책임자 확인
A8: 안내: 입고 누계는 입고 칸을 보고 사람이 적는다(자동 합산하지 않는 이유: 분할 입고 표기가 제각각이라 원문 확인이 먼저). 공동 화면 효과(전화·메신저 확인 감소)를 먼저 기록하고, AI 추가 효과는 분리해 확인한다(기획안 §3-2 게이트).

Sheet 필수항목표
A1: 자재군 | B1: 항목ID | C1: 항목명 | D1: 구분 | E1: 충족조건 | F1: 모호조건 | G1: 중요항목
A2: 배관 | B2: item_id | C2: 품목 ID | D2: 공통 | E2: P-NN 형식의 품목 ID가 원문에 있고 사전에 존재 | F2: 별칭·표준명만 있음(표준명 후보로 제안), 후보가 2개 이상, 판독 불가 글자 | G2: Y
A3: 배관 | B3: qty | C3: 수량 | D3: 공통 | E3: 양의 정수 | F3: 판독 불가 글자(예: 2O) | G3: Y
A4: 배관 | B4: unit | C4: 단위 | D4: 공통 | E4: 사전의 표준 단위와 같음(EA=개, M=m 동의어 허용) | F4: 품목이 확정되지 않아 비교 불가, 판독 불가 | G4: Y
A5: 배관 | B5: need_date | C5: 희망일 | D5: 공통 | E5: 특정 날짜(YYYY-MM-DD, M월 D일, M/D) | F5: '다음 주', 'ASAP', '빨리', '이번 달 안' 등 기간·정도 표현. 날짜로 단정하지 않음 | G5: Y
A6: 배관 | B6: delivery_location | C6: 배송 위치 | D6: 공통 | E6: 현장명 + 세부 위치(동·층·창고·게이트 등) | F6: 현장명만 있음 | G6: N
A7: 배관 | B7: spec | C7: 규격 | D7: 자재군추가 | E7: 규격 토큰(50A, 100A, 12mm 등)이 있거나, 품목 ID가 확정되어 사전 규격을 적용할 수 있음 | F7: 판독 불가. 품목 ID 없이 별칭만 있고 규격도 없으면 누락 | G7: N

Sheet 용어사전
A1: 품목ID | B1: 표준명 | C1: 규격 | D1: 표준단위 | E1: 별칭 | F1: 주의
A2: P-01 | B2: 볼밸브 | C2: 50A | D2: 개 | E2: 볼밸브; 볼발브; 밸브; ball valve | F2: P-02(100A)와 별칭이 같음 → 규격 없으면 병합 금지
A3: P-02 | B3: 볼밸브 | C3: 100A | D3: 개 | E3: 볼밸브; 볼발브; 밸브; ball valve | F3: P-01(50A)와 별칭이 같음 → 규격 없으면 병합 금지
A4: P-03 | B4: PVC 파이프 | C4: 50A | D4: 본 | E4: PVC 파이프; PVC관; PVC파이프; 피브이씨 파이프; pvc pipe | F4: P-04(100A)와 별칭이 같음 → 규격 없으면 병합 금지
A5: P-04 | B5: PVC 파이프 | C5: 100A | D5: 본 | E5: PVC 파이프; PVC관; PVC파이프; 피브이씨 파이프; pvc pipe | F5: P-03(50A)와 별칭이 같음 → 규격 없으면 병합 금지
A6: P-05 | B6: 강관 | C6: 50A | D6: 본 | E6: 강관; 백관; 스틸파이프; steel pipe | F6: P-06(100A)와 별칭이 같음
A7: P-06 | B7: 강관 | C7: 100A | D7: 본 | E7: 강관; 백관; 스틸파이프; steel pipe | F7: P-05(50A)와 별칭이 같음
A8: P-07 | B8: PVC 엘보 90도 | C8: 50A | D8: 개 | E8: 엘보; 엘보우; 90도 엘보; elbow | F8: P-08(45도)과 '엘보' 별칭 공유 → 각도 확인
A9: P-08 | B9: PVC 엘보 45도 | C9: 50A | D9: 개 | E9: 엘보; 엘보우; 45도 엘보; 45엘보 | F9: P-07(90도)과 '엘보' 별칭 공유 → 각도 확인
A10: P-09 | B10: 배관 보온재 | C10: 50A | D10: m | E10: 보온재; 단열재; 인슐레이션 | F10: 길이 단위(m). 개수로 요청 오면 불일치
A11: P-10 | B11: 테프론 테이프 | C11: 12mm | D11: 롤 | E11: 테프론; 테플론 테이프; 씰테이프; 테프론 테이프 | F11: 롤 단위. 개수로 요청 오면 불일치

Sheet 표본목록
A1: 문서ID | B1: 유형 | C1: 버전 | D1: 파일 | E1: 원문
A2: D04-01 | B2: 정상 | C2: clean | D2: requests/D04_가상구매요청서_01.txt | E2: [구매 요청서] A현장 현장지원팀 / 요청자 김현장 품목: P-01 50A 수량: 20 개 희망 납기: 2026-09-25 배송지: A현장 3동 지하1층 자재창고 비고: 현장 소장 확인 완료
A3: D04-01S | B3: 정상 | C3: scan | D3: requests_scan/D04_가상구매요청서_01_scan.txt | E3: [구매 요청서] A현장현장지원팀 / 요청자김현장 품목:P-01 50A 수량:2O 개 희망 납기:2026-09-25 배송지:A현장 3동 지하1층 자재창고 비고:현장 소장 확인완료
A4: D04-02 | B4: 정상 | C4: clean | D4: requests/D04_가상구매요청서_02.txt | E4: 박지원: 안녕하세요, B현장 자재 요청드립니다. 박지원: P-03 50A 40본 필요합니다. 박지원: 납기는 9월 26일 희망하고, 배송은 B현장 1동 1층 야적장로 부탁드려요. 박지원: 기존 발주분과 별도 건입니다
A5: D04-02S | B5: 정상 | C5: scan | D5: requests_scan/D04_가상구매요청서_02_scan.txt | E5: 박지원:안녕하세요,B현장 자재 요청드립니다. 박지원:P-03 50A 4O본 필요합니다. 박지원:납기는 9월 26일 희망하고,배송은 B현장 1동 1층 야적장로 부탁드려요. 박지원:기존 발주분과 별도건입니다
A6: D04-03 | B6: 정상 | C6: clean | D6: requests/D04_가상구매요청서_03.txt | E6: 제목: 자재 구매 요청 구매팀 담당자님, 이자재입니다. 아래 자재 구매를 요청합니다. - 품명/규격: P-09 / 50A - 수량: 120m - 희망 납기: 9/28 - 납품 장소: C현장 정문 게이트 하치장 우천 시 실내 보관 요청
A7: D04-03S | B7: 정상 | C7: scan | D7: requests_scan/D04_가상구매요청서_03_scan.txt | E7: 제목:자재 구매 요청 구매팀담당자님,이자재입니다. 아래 자재 구매를요청합니다. - 품명/규격:P-09 / SOA - 수량:120m - 희망 납기:9/28 - 납품 장소:C현장 정문 게이트 하치장 우천 시 실내보관 요청
A8: D04-04 | B8: 정상 | C8: clean | D8: requests/D04_가상구매요청서_04.txt | E8: [구매 요청서] A현장 현장지원팀 / 요청자 최공무 품목: P-07 50A 수량: 15 EA 희망 납기: 2026-09-30 배송지: A현장 2동 옥상 기계실 비고: 기계실 배관 교체용
A9: D04-04S | B9: 정상 | C9: scan | D9: requests_scan/D04_가상구매요청서_04_scan.txt | E9: [구매 요청서] A현장현장지원팀 / 요청자최공무 품목:P-O7 50A 수량:15 EA 희망 납기:2026-09-30 배송지:A현장 2동 옥상 기계실 비고:기계실 배관 교체용
A10: D04-05 | B10: 정상 | C10: clean | D10: requests/D04_가상구매요청서_05.txt | E10: B현장 정설비 메모 P-10 10롤 2026-09-24 → B현장 동측 게이트 자재창고 소모품
A11: D04-05S | B11: 정상 | C11: scan | D11: requests_scan/D04_가상구매요청서_05_scan.txt | E11: B현장 정설비 메모 P-10 lO롤 2026-09-24 → B현장 동측 게이트 자재창고 소모품
A12: D04-06 | B12: 정상 | C12: clean | D12: requests/D04_가상구매요청서_06.txt | E12: 한구매: 안녕하세요, C현장 자재 요청드립니다. 한구매: P-05 50A 30본 필요합니다. 한구매: 납기는 10월 2일 희망하고, 배송은 C현장 1동 1층 야적장로 부탁드려요. 한구매: 야적장 입구에 내려 주세요
... A60: D04-30S | B60: 배송조건누락 | C60: scan | D60: requests_scan/D04_가상구매요청서_30_scan.txt | E60: 제목:자재 구매 요청 구매팀담당자님,한구매입니다. 아래 자재 구매를요청합니다. - 품명/규격:P-O2 / 100A - 수량:12개 - 희망 납기:10월 6일
